front_name,back_name
issK,sti
oZjE,duk
eMe,kak
AntO,Nin
Infe,ReacT
alos,SEY
ius,se
onster,TWEE
alic,ZYCS
enii,xTr
Awa,Cre
icate,RIS
ubeR,rnal
Oxy,Kll
aiK,yVe
iPZ,kze
eadeR,taL
Še,n0
eejs,y
Aci,brutm
Anle,mke
unb,bub
1ce,Rq
oNfly,denn
es3,yslaw
iSh,doubl
iis,dre
1ve,Dupl
ezz,rid
aphiX,s7N
" nut",lky
enix,ki1
azar,gen
1m3,pN
ehr,poi
avn,zon
orik,Rain
okz,waker
Aer,STAR
ial,Roc
Elf,H1o
oNd,DEPR
AMA,stik
uLy,gg1s
oxsy,Dar
ikof,Fra
1on,ged
EN1,KWE
iNk,RTZZ
Anh,Las
uin,tík
eaM,man
ec,guss
"ay J",nb
eZe,qq
et,NEO
ulsG,kar
ubii,Pec
ules,hyn
etapz,rep
eet,lay
unK,tomk
1ft,ncio
ion,lele
iNg!,b0yc
Edde,hild
iC0C0,RRY
Ext,meF
inct,bl
ERI1,Bu
azze,zz
1w,cad
oky,caj
Indep,sle
endent,Celebr
ii,rate
Espi,sole
inka,cu
isJ,dok
uZR,tizh
igh,dup
aid,reeh
enes1s,tag
aur,sor
ora,FeT
iiiE,lzt
Alc,Berg
urface,fig
evile,karr
1st,rbye
ofy,lar
eczka,kki
ina,m4
Atic,Mac
oska,stR
aszynka,pzG
ulti,nut
arag,Que
ODZ,ra
0S,rezh
eS2,rug
azy,xxo
uro,sal
EEj,sc
ituh,Nde
axF,rah
oohaxx,sju
ory,mF
ardau,Tau
und,tham
INTE,like
iv7,BIZ
ore,ben
ANHA,tr
UBOR,gg0
ana1,borg
eLiVe,Win
AMO,spai
onge,zo
elk,ztw
ekS,H
ille,ny
eaz,ztA
IMZ,Wah
aliz,tzz
0m1,rax
eister,HEHE
iin,NA
ase,HE
ezk,Jimp
eal,phat
EMS,jui
oRR,KIP
ARES,NXi
0ud,moon
1mp,sh1n3
Aiy,tsi
EKO,S1
izor,ser
i511,Sm1
aim,spa
ara,rgo
0KEN,Nny
uQlu,tom
erful,sku
oFIX,Twi
ield,hN
" Banks",NEK
ita,TRA
ekey,dyy
ITY,Bro
anski,y0s
ill,Div
ekes,Dj
1R,koN
1zer,cice
issura,Fan
aar,viti
ingg,Gri
enz,ngo
anga,dji
IBLEE,Rts
AE,CKZ
alm,rod
Ant,yN
1ka,Ji
1Le,Kao
ONOKK,kill
edez,kioS
ea,hiMa
"El P",Kyo
1an,bert
elect,lip
" ROCKA",MAI
ove,Mal
och,Mar
iDISB,mat
ALANCE,HEND
int,TA
erz,misu
It',taaa
aYm,"Monkey "
4sy,"D. Julie"
e1N,BK
1kus,tyu
ixx,nis
any,rik3r
Ou7b,Pyt
ANOJ,Raz
ire,reCAL
_MUX,Robi
1ro,NasTy
4L3Y,pK
1NT,s0
iNiX,BT
oria,XER
ower,thZz
0k,SV
icyv,VK
19,LL
48,wa
arie,p3
ax1a,pG
IG,XTQ
Ema,ZZZ
imon,wOo
ihx,roW
" BoY",kan
Ot,Cl34
Owen$,v3rs
inhoM,cri
ehen,raNN
Ark,Fre
eretz,hy
enty,j1
0ittJ,jan
ani,kre
ENSEI,mbo
uez,wNii
e^,kyu
_drk,La
aozy,peX
uq,fty
uk3,GHT
IOLI,MR
ort,vN
itus,viZ
azin,NoR
iana,P4T
insz,pr1m
Inse,pro
aniac,sus
islaw,r0b
uti,Schwa
ett,Sw
oMo,Nx
IYA,tah
athy,Tio
azoid,"w b"
Infi,niq
ior,bod
iti,coo
oi,Dea
ee12,9k
ifice,gabe
uhKe,sN
ION1,Bja
aliS,cl
apo,Nos
iAhn,kru
Infre,Stebb
isher,Bi
azz,sCu
akM,kIM
onz,norz
UST,Cal
ILO,cer
ombat,Deme
ADD,ntor
ICT,gejm
0,zilla
18,xx
13,HYP
adv,juanf
ainMo,ZA
iaQAQ,rich
oung,n2k
eyuh,shi
oro,NDAR
oiNg,mas
eman,ranTo
avi,haf
uda,lex
oneF,L
ealer,Kv
awN,ty
Arg,yu
10,daus
acyTG,tooi
ANNIHI,zera
itz,rix
iQ,ffo
ercap,Loba
aarita,nard
uto,ckie
aNz,CRU
acore,D0
.e,yoo
aw3,mswa
iaNt,KiT
ezil,Caca
ELU,Nito
eout,stYl
EAGLE,loN
ind,xi
eva,coz
Aker,bec
1x,ker
